<?xml version="1.0" encoding="UTF-8"?>
<manifest xmlns="http://www.imsproject.org/xsd/imscp_rootv1p1p2" identifier="SingleCourseManifest" version="1.1" xmlns:adlcp="http://www.adlnet.org/xsd/adlcp_rootv1p2" xmlns:xsi="http://www.w3.org/2001/XMLSchema-instance" xsi:schemaLocation="http://www.imsproject.org/xsd/imscp_rootv1p1p2 imscp_rootv1p1p2.xsd http://www.imsglobal.org/xsd/imsmd_rootv1p2p1 imsmd_rootv1p2p1.xsd http://www.adlnet.org/xsd/adlcp_rootv1p2 adlcp_rootv1p2.xsd"><metadata><schema>ADL SCORM</schema><schemaversion>1.2</schemaversion></metadata><organizations default="chamilo_scorm_export"><organization identifier="chamilo_scorm_export"><title>Lecci&#xF3;n 1 - N4</title><item identifier="ITEM_56" identifierref="RESOURCE_56" isvisible="true"><title>Video 1: Sustentabilidad</title><adlcp:prerequisites type="aicc_script"/><adlcp:masteryscore>-1</adlcp:masteryscore></item><item identifier="ITEM_57" identifierref="RESOURCE_57" isvisible="true"><title>Video 2: Beneficios de la puesta a tierra para los sistemas computacionales</title><adlcp:prerequisites type="aicc_script"/><adlcp:masteryscore>-1</adlcp:masteryscore></item><item identifier="ITEM_58" identifierref="RESOURCE_58" isvisible="true"><title>Video 3: Implementaci&#xF3;n de aplicaciones de nube</title><adlcp:prerequisites type="aicc_script"/><adlcp:masteryscore>-1</adlcp:masteryscore></item><item identifier="ITEM_59" identifierref="RESOURCE_59" isvisible="true"><title>Actividad 1: Implementaci&#xF3;n para aplicaciones de nube</title><adlcp:prerequisites type="aicc_script"/><adlcp:masteryscore>-1</adlcp:masteryscore></item><item identifier="ITEM_78" identifierref="RESOURCE_78" isvisible="true"><title>Preguntas Leccion 1 - N4</title><adlcp:prerequisites type="aicc_script"/><adlcp:masteryscore>-1</adlcp:masteryscore></item><item identifier="ITEM_80" identifierref="RESOURCE_80" isvisible="true"><title>CERTIFICADO - CURSO FINALIZADO</title><adlcp:prerequisites type="aicc_script"/><adlcp:masteryscore>-1</adlcp:masteryscore></item></organization></organizations><resources><resource identifier="RESOURCE_56_1" type="webcontent" adlcp:scormtype="asset" xml:base=""><file href="/web/css/editor.css"/></resource><resource identifier="RESOURCE_56" type="webcontent" href="document//Video-1-Sustentabilidad.html" adlcp:scormtype="asset" xml:base=""><file href="document//Video-1-Sustentabilidad.html"/><dependency identifierref="RESOURCE_56_1"/></resource><resource identifier="RESOURCE_57_1" type="webcontent" adlcp:scormtype="asset" xml:base=""><file href="/web/css/editor.css"/></resource><resource identifier="RESOURCE_57" type="webcontent" href="document//Video-2-Beneficios-de-la-puesta-tierra-para-los-sistemas-computacionales.html" adlcp:scormtype="asset" xml:base=""><file href="document//Video-2-Beneficios-de-la-puesta-tierra-para-los-sistemas-computacionales.html"/><dependency identifierref="RESOURCE_57_1"/></resource><resource identifier="RESOURCE_58_1" type="webcontent" adlcp:scormtype="asset" xml:base=""><file href="/web/css/editor.css"/></resource><resource identifier="RESOURCE_58" type="webcontent" href="document//Video-3-Implementacion-de-aplicaciones-de-nube.html" adlcp:scormtype="asset" xml:base=""><file href="document//Video-3-Implementacion-de-aplicaciones-de-nube.html"/><dependency identifierref="RESOURCE_58_1"/></resource><resource identifier="RESOURCE_59" type="webcontent" href="document/asnni9l9c.pdf" adlcp:scormtype="asset" xml:base=""><file href="document/asnni9l9c.pdf"/></resource><resource identifier="RESOURCE_78_1" type="webcontent" adlcp:scormtype="asset" xml:base="."><file href="assets/jquery/jquery.min.js"/></resource><resource identifier="RESOURCE_78_2" type="webcontent" adlcp:scormtype="asset" xml:base="."><file href="assets/api_wrapper.js"/></resource><resource identifier="RESOURCE_78_3" type="webcontent" adlcp:scormtype="asset" xml:base="."><file href="assets/bootstrap/bootstrap.min.css"/></resource><resource identifier="RESOURCE_78" type="webcontent" href="quiz_78.html" adlcp:scormtype="sco" xml:base=""><file href="quiz_78.html"/><dependency identifierref="RESOURCE_78_1"/><dependency identifierref="RESOURCE_78_2"/><dependency identifierref="RESOURCE_78_3"/></resource><resource identifier="RESOURCE_79" type="webcontent" href="document/non_exportable.html" adlcp:scormtype="asset" xml:base=""><file href="document/non_exportable.html"/></resource><resource identifier="RESOURCE_80" type="webcontent" href="-1" adlcp:scormtype="asset" xml:base=""><file href="-1"/></resource></resources></manifest>
