<?xml version="1.0" encoding="UTF-8"?>
<manifest xmlns="http://www.imsproject.org/xsd/imscp_rootv1p1p2" identifier="SingleCourseManifest" version="1.1" xmlns:adlcp="http://www.adlnet.org/xsd/adlcp_rootv1p2" xmlns:xsi="http://www.w3.org/2001/XMLSchema-instance" xsi:schemaLocation="http://www.imsproject.org/xsd/imscp_rootv1p1p2 imscp_rootv1p1p2.xsd http://www.imsglobal.org/xsd/imsmd_rootv1p2p1 imsmd_rootv1p2p1.xsd http://www.adlnet.org/xsd/adlcp_rootv1p2 adlcp_rootv1p2.xsd"><metadata><schema>ADL SCORM</schema><schemaversion>1.2</schemaversion></metadata><organizations default="chamilo_scorm_export"><organization identifier="chamilo_scorm_export"><title>Lecci&#xF3;n 1 - N1</title><item identifier="ITEM_2" identifierref="RESOURCE_2" isvisible="true"><title>Video 1: Elaboraci&#xF3;n de textos</title><adlcp:prerequisites type="aicc_script"/><adlcp:masteryscore>-1</adlcp:masteryscore></item><item identifier="ITEM_4" identifierref="RESOURCE_4" isvisible="true"><title>Video 2: Correcci&#xF3;n ortogr&#xE1;fica de textos</title><adlcp:prerequisites type="aicc_script"/><adlcp:masteryscore>-1</adlcp:masteryscore></item><item identifier="ITEM_3" identifierref="RESOURCE_3" isvisible="true"><title>Video 3: Elaboraci&#xF3;n de documentos: Curr&#xED;culum</title><adlcp:prerequisites type="aicc_script"/><adlcp:masteryscore>-1</adlcp:masteryscore></item><item identifier="ITEM_5" identifierref="RESOURCE_5" isvisible="true"><title>Video 4: Elaboraci&#xF3;n de documentos: Redacci&#xF3;n de citas y bibliograf&#xED;a</title><adlcp:prerequisites type="aicc_script"/><adlcp:masteryscore>-1</adlcp:masteryscore></item><item identifier="ITEM_7" identifierref="RESOURCE_7" isvisible="true"><title>Actividad 1: Elaboraci&#xF3;n de documentos</title><adlcp:prerequisites type="aicc_script"/><adlcp:masteryscore>-1</adlcp:masteryscore></item><item identifier="ITEM_41" identifierref="RESOURCE_41" isvisible="true"><title>Cuestionario de Leccion 1</title><adlcp:prerequisites type="aicc_script"/><adlcp:masteryscore>-1</adlcp:masteryscore></item></organization></organizations><resources><resource identifier="RESOURCE_2_1" type="webcontent" adlcp:scormtype="asset" xml:base=""><file href="//www.youtube.com/embed/jN28Dg4MOfg"/></resource><resource identifier="RESOURCE_2_2" type="webcontent" adlcp:scormtype="asset" xml:base=""><file href="/web/css/editor.css"/></resource><resource identifier="RESOURCE_2" type="webcontent" href="document/learning_path/Leccion-1/Video-1-Elaboracion-de-textos.html" adlcp:scormtype="asset" xml:base=""><file href="document/learning_path/Leccion-1/Video-1-Elaboracion-de-textos.html"/><dependency identifierref="RESOURCE_2_1"/><dependency identifierref="RESOURCE_2_2"/></resource><resource identifier="RESOURCE_4_1" type="webcontent" adlcp:scormtype="asset" xml:base=""><file href="//www.youtube.com/embed/dPq3Cd7_KOg"/></resource><resource identifier="RESOURCE_4_2" type="webcontent" adlcp:scormtype="asset" xml:base=""><file href="/web/css/editor.css"/></resource><resource identifier="RESOURCE_4" type="webcontent" href="document/learning_path/Leccion-1/Video-2-Correccion-ortografica-de-textos.html" adlcp:scormtype="asset" xml:base=""><file href="document/learning_path/Leccion-1/Video-2-Correccion-ortografica-de-textos.html"/><dependency identifierref="RESOURCE_4_1"/><dependency identifierref="RESOURCE_4_2"/></resource><resource identifier="RESOURCE_3_1" type="webcontent" adlcp:scormtype="asset" xml:base=""><file href="//www.youtube.com/embed/MuHXju2OE1Y"/></resource><resource identifier="RESOURCE_3_2" type="webcontent" adlcp:scormtype="asset" xml:base=""><file href="/web/css/editor.css"/></resource><resource identifier="RESOURCE_3" type="webcontent" href="document/learning_path/Leccion-1/Video-3-Elaboracion-de-documentos-Curriculum.html" adlcp:scormtype="asset" xml:base=""><file href="document/learning_path/Leccion-1/Video-3-Elaboracion-de-documentos-Curriculum.html"/><dependency identifierref="RESOURCE_3_1"/><dependency identifierref="RESOURCE_3_2"/></resource><resource identifier="RESOURCE_5_1" type="webcontent" adlcp:scormtype="asset" xml:base=""><file href="//www.youtube.com/embed/O5K0umB4v_M"/></resource><resource identifier="RESOURCE_5_2" type="webcontent" adlcp:scormtype="asset" xml:base=""><file href="/web/css/editor.css"/></resource><resource identifier="RESOURCE_5" type="webcontent" href="document/learning_path/Leccion-1/Video-4-Elaboracion-de-documentos-Redaccion-de-citas-y-bibliografia.html" adlcp:scormtype="asset" xml:base=""><file href="document/learning_path/Leccion-1/Video-4-Elaboracion-de-documentos-Redaccion-de-citas-y-bibliografia.html"/><dependency identifierref="RESOURCE_5_1"/><dependency identifierref="RESOURCE_5_2"/></resource><resource identifier="RESOURCE_7" type="webcontent" href="document/bxxmi0mgv.pdf" adlcp:scormtype="asset" xml:base=""><file href="document/bxxmi0mgv.pdf"/></resource><resource identifier="RESOURCE_41_1" type="webcontent" adlcp:scormtype="asset" xml:base="."><file href="assets/jquery/jquery.min.js"/></resource><resource identifier="RESOURCE_41_2" type="webcontent" adlcp:scormtype="asset" xml:base="."><file href="assets/api_wrapper.js"/></resource><resource identifier="RESOURCE_41_3" type="webcontent" adlcp:scormtype="asset" xml:base="."><file href="assets/bootstrap/bootstrap.min.css"/></resource><resource identifier="RESOURCE_41" type="webcontent" href="quiz_41.html" adlcp:scormtype="sco" xml:base=""><file href="quiz_41.html"/><dependency identifierref="RESOURCE_41_1"/><dependency identifierref="RESOURCE_41_2"/><dependency identifierref="RESOURCE_41_3"/></resource><resource identifier="RESOURCE_42" type="webcontent" href="document/non_exportable.html" adlcp:scormtype="asset" xml:base=""><file href="document/non_exportable.html"/></resource></resources></manifest>
