<?xml version="1.0" encoding="UTF-8"?>
<manifest xmlns="http://www.imsproject.org/xsd/imscp_rootv1p1p2" identifier="SingleCourseManifest" version="1.1" xmlns:adlcp="http://www.adlnet.org/xsd/adlcp_rootv1p2" xmlns:xsi="http://www.w3.org/2001/XMLSchema-instance" xsi:schemaLocation="http://www.imsproject.org/xsd/imscp_rootv1p1p2 imscp_rootv1p1p2.xsd http://www.imsglobal.org/xsd/imsmd_rootv1p2p1 imsmd_rootv1p2p1.xsd http://www.adlnet.org/xsd/adlcp_rootv1p2 adlcp_rootv1p2.xsd"><metadata><schema>ADL SCORM</schema><schemaversion>1.2</schemaversion></metadata><organizations default="chamilo_scorm_export"><organization identifier="chamilo_scorm_export"><title>Lecci&#xF3;n 4 - N2</title><item identifier="ITEM_32" identifierref="RESOURCE_32" isvisible="true"><title>Video 1: &#xBF;Qu&#xE9; son los lenguajes de programaci&#xF3;n?</title><adlcp:prerequisites type="aicc_script"/><adlcp:masteryscore>-1</adlcp:masteryscore></item><item identifier="ITEM_33" identifierref="RESOURCE_33" isvisible="true"><title>Video 2: &#xBF;Qu&#xE9; son las bases de datos?</title><adlcp:prerequisites type="aicc_script">32</adlcp:prerequisites><adlcp:masteryscore>-1</adlcp:masteryscore></item><item identifier="ITEM_34" identifierref="RESOURCE_34" isvisible="true"><title>Video 3: Utilizaci&#xF3;n de apps</title><adlcp:prerequisites type="aicc_script">33</adlcp:prerequisites><adlcp:masteryscore>-1</adlcp:masteryscore></item><item identifier="ITEM_35" identifierref="RESOURCE_35" isvisible="true"><title>Actividad 1: &#xBF;Qu&#xE9; son los lenguajes de programaci&#xF3;n?</title><adlcp:prerequisites type="aicc_script">34</adlcp:prerequisites><adlcp:masteryscore>-1</adlcp:masteryscore></item><item identifier="ITEM_36" identifierref="RESOURCE_36" isvisible="true"><title>Actividad 2: Utilizaci&#xF3;n de las apps</title><adlcp:prerequisites type="aicc_script">35</adlcp:prerequisites><adlcp:masteryscore>-1</adlcp:masteryscore></item><item identifier="ITEM_72" identifierref="RESOURCE_72" isvisible="true"><title>Preguntas Leccion 4 - N2</title><adlcp:prerequisites type="aicc_script"/><adlcp:masteryscore>-1</adlcp:masteryscore></item></organization></organizations><resources><resource identifier="RESOURCE_32_1" type="webcontent" adlcp:scormtype="asset" xml:base=""><file href="/web/css/editor.css"/></resource><resource identifier="RESOURCE_32" type="webcontent" href="document/learning_path/Leccion-4/Video-1-Que-son-los-lenguajes-de-programacion.html" adlcp:scormtype="asset" xml:base=""><file href="document/learning_path/Leccion-4/Video-1-Que-son-los-lenguajes-de-programacion.html"/><dependency identifierref="RESOURCE_32_1"/></resource><resource identifier="RESOURCE_33_1" type="webcontent" adlcp:scormtype="asset" xml:base=""><file href="/web/css/editor.css"/></resource><resource identifier="RESOURCE_33" type="webcontent" href="document/learning_path/Leccion-4/Video-2-Que-son-las-bases-de-datos.html" adlcp:scormtype="asset" xml:base=""><file href="document/learning_path/Leccion-4/Video-2-Que-son-las-bases-de-datos.html"/><dependency identifierref="RESOURCE_33_1"/></resource><resource identifier="RESOURCE_34_1" type="webcontent" adlcp:scormtype="asset" xml:base=""><file href="/web/css/editor.css"/></resource><resource identifier="RESOURCE_34" type="webcontent" href="document/learning_path/Leccion-4/Video-3-Utilizacion-de-apps.html" adlcp:scormtype="asset" xml:base=""><file href="document/learning_path/Leccion-4/Video-3-Utilizacion-de-apps.html"/><dependency identifierref="RESOURCE_34_1"/></resource><resource identifier="RESOURCE_35_1" type="webcontent" adlcp:scormtype="asset" xml:base=""><file href="/web/css/editor.css"/></resource><resource identifier="RESOURCE_35" type="webcontent" href="document/learning_path/Leccion-4/Actividad-1-Que-son-los-lenguajes-de-programacion.html" adlcp:scormtype="asset" xml:base=""><file href="document/learning_path/Leccion-4/Actividad-1-Que-son-los-lenguajes-de-programacion.html"/><dependency identifierref="RESOURCE_35_1"/></resource><resource identifier="RESOURCE_36_1" type="webcontent" adlcp:scormtype="asset" xml:base=""><file href="/web/css/editor.css"/></resource><resource identifier="RESOURCE_36" type="webcontent" href="document/learning_path/Leccion-4/Actividad-2-Utilizacion-de-las-apps.html" adlcp:scormtype="asset" xml:base=""><file href="document/learning_path/Leccion-4/Actividad-2-Utilizacion-de-las-apps.html"/><dependency identifierref="RESOURCE_36_1"/></resource><resource identifier="RESOURCE_72_1" type="webcontent" adlcp:scormtype="asset" xml:base="."><file href="assets/jquery/jquery.min.js"/></resource><resource identifier="RESOURCE_72_2" type="webcontent" adlcp:scormtype="asset" xml:base="."><file href="assets/api_wrapper.js"/></resource><resource identifier="RESOURCE_72_3" type="webcontent" adlcp:scormtype="asset" xml:base="."><file href="assets/bootstrap/bootstrap.min.css"/></resource><resource identifier="RESOURCE_72" type="webcontent" href="quiz_72.html" adlcp:scormtype="sco" xml:base=""><file href="quiz_72.html"/><dependency identifierref="RESOURCE_72_1"/><dependency identifierref="RESOURCE_72_2"/><dependency identifierref="RESOURCE_72_3"/></resource><resource identifier="RESOURCE_73" type="webcontent" href="document/non_exportable.html" adlcp:scormtype="asset" xml:base=""><file href="document/non_exportable.html"/></resource></resources></manifest>
