<?xml version="1.0" encoding="UTF-8"?>
<manifest xmlns="http://www.imsproject.org/xsd/imscp_rootv1p1p2" identifier="SingleCourseManifest" version="1.1" xmlns:adlcp="http://www.adlnet.org/xsd/adlcp_rootv1p2" xmlns:xsi="http://www.w3.org/2001/XMLSchema-instance" xsi:schemaLocation="http://www.imsproject.org/xsd/imscp_rootv1p1p2 imscp_rootv1p1p2.xsd http://www.imsglobal.org/xsd/imsmd_rootv1p2p1 imsmd_rootv1p2p1.xsd http://www.adlnet.org/xsd/adlcp_rootv1p2 adlcp_rootv1p2.xsd"><metadata><schema>ADL SCORM</schema><schemaversion>1.2</schemaversion></metadata><organizations default="chamilo_scorm_export"><organization identifier="chamilo_scorm_export"><title>Lecci&#xF3;n 2 - N3</title><item identifier="ITEM_52" identifierref="RESOURCE_52" isvisible="true"><title>Video 1: Instalaci&#xF3;n de dispositivos de redes inal&#xE1;mbricas (WLAN)</title><adlcp:prerequisites type="aicc_script"/><adlcp:masteryscore>-1</adlcp:masteryscore></item><item identifier="ITEM_53" identifierref="RESOURCE_53" isvisible="true"><title>Video 2: Configuraci&#xF3;n de dispositivos Wi-fi.</title><adlcp:prerequisites type="aicc_script"/><adlcp:masteryscore>-1</adlcp:masteryscore></item><item identifier="ITEM_54" identifierref="RESOURCE_54" isvisible="true"><title>Video 3: Aplicaci&#xF3;n de mecanismos de seguridad en redes inal&#xE1;mbricas</title><adlcp:prerequisites type="aicc_script"/><adlcp:masteryscore>-1</adlcp:masteryscore></item><item identifier="ITEM_55" identifierref="RESOURCE_55" isvisible="true"><title>Actividad 1: Principios de funcionamiento de redes locales</title><adlcp:prerequisites type="aicc_script"/><adlcp:masteryscore>-1</adlcp:masteryscore></item><item identifier="ITEM_76" identifierref="RESOURCE_76" isvisible="true"><title>Preguntas Leccion 2- N3</title><adlcp:prerequisites type="aicc_script"/><adlcp:masteryscore>-1</adlcp:masteryscore></item></organization></organizations><resources><resource identifier="RESOURCE_52_1" type="webcontent" adlcp:scormtype="asset" xml:base=""><file href="/web/css/editor.css"/></resource><resource identifier="RESOURCE_52" type="webcontent" href="document//Video-1-Instalacion-de-dispositivos-de-redes-inalambricas-WLAN.html" adlcp:scormtype="asset" xml:base=""><file href="document//Video-1-Instalacion-de-dispositivos-de-redes-inalambricas-WLAN.html"/><dependency identifierref="RESOURCE_52_1"/></resource><resource identifier="RESOURCE_53_1" type="webcontent" adlcp:scormtype="asset" xml:base=""><file href="/web/css/editor.css"/></resource><resource identifier="RESOURCE_53" type="webcontent" href="document//Video-2-Configuracion-de-dispositivos-Wi-fi..html" adlcp:scormtype="asset" xml:base=""><file href="document//Video-2-Configuracion-de-dispositivos-Wi-fi..html"/><dependency identifierref="RESOURCE_53_1"/></resource><resource identifier="RESOURCE_54_1" type="webcontent" adlcp:scormtype="asset" xml:base=""><file href="/web/css/editor.css"/></resource><resource identifier="RESOURCE_54" type="webcontent" href="document//Video-3-Aplicacion-de-mecanismos-de-seguridad-en-redes-inalambricas.html" adlcp:scormtype="asset" xml:base=""><file href="document//Video-3-Aplicacion-de-mecanismos-de-seguridad-en-redes-inalambricas.html"/><dependency identifierref="RESOURCE_54_1"/></resource><resource identifier="RESOURCE_55" type="webcontent" href="document/0vic3rolr.pdf" adlcp:scormtype="asset" xml:base=""><file href="document/0vic3rolr.pdf"/></resource><resource identifier="RESOURCE_76_1" type="webcontent" adlcp:scormtype="asset" xml:base="."><file href="assets/jquery/jquery.min.js"/></resource><resource identifier="RESOURCE_76_2" type="webcontent" adlcp:scormtype="asset" xml:base="."><file href="assets/api_wrapper.js"/></resource><resource identifier="RESOURCE_76_3" type="webcontent" adlcp:scormtype="asset" xml:base="."><file href="assets/bootstrap/bootstrap.min.css"/></resource><resource identifier="RESOURCE_76" type="webcontent" href="quiz_76.html" adlcp:scormtype="sco" xml:base=""><file href="quiz_76.html"/><dependency identifierref="RESOURCE_76_1"/><dependency identifierref="RESOURCE_76_2"/><dependency identifierref="RESOURCE_76_3"/></resource><resource identifier="RESOURCE_77" type="webcontent" href="document/non_exportable.html" adlcp:scormtype="asset" xml:base=""><file href="document/non_exportable.html"/></resource></resources></manifest>
