<?xml version="1.0" encoding="UTF-8"?>
<manifest xmlns="http://www.imsproject.org/xsd/imscp_rootv1p1p2" identifier="SingleCourseManifest" version="1.1" xmlns:adlcp="http://www.adlnet.org/xsd/adlcp_rootv1p2" xmlns:xsi="http://www.w3.org/2001/XMLSchema-instance" xsi:schemaLocation="http://www.imsproject.org/xsd/imscp_rootv1p1p2 imscp_rootv1p1p2.xsd http://www.imsglobal.org/xsd/imsmd_rootv1p2p1 imsmd_rootv1p2p1.xsd http://www.adlnet.org/xsd/adlcp_rootv1p2 adlcp_rootv1p2.xsd"><metadata><schema>ADL SCORM</schema><schemaversion>1.2</schemaversion></metadata><organizations default="chamilo_scorm_export"><organization identifier="chamilo_scorm_export"><title>Lecci&#xF3;n 1 - N3</title><item identifier="ITEM_43" identifierref="RESOURCE_43" isvisible="true"><title>Video 1: Descripci&#xF3;n de los sistemas operativos</title><adlcp:prerequisites type="aicc_script"/><adlcp:masteryscore>-1</adlcp:masteryscore></item><item identifier="ITEM_44" identifierref="RESOURCE_44" isvisible="true"><title>Video 2: Explotaci&#xF3;n de recursos de la computadora con el sistema operativo</title><adlcp:prerequisites type="aicc_script"/><adlcp:masteryscore>-1</adlcp:masteryscore></item><item identifier="ITEM_45" identifierref="RESOURCE_45" isvisible="true"><title>Video 3: Respaldo de informaci&#xF3;n</title><adlcp:prerequisites type="aicc_script"/><adlcp:masteryscore>-1</adlcp:masteryscore></item><item identifier="ITEM_46" identifierref="RESOURCE_46" isvisible="true"><title>Video 4: Recuperaci&#xF3;n de informaci&#xF3;n por da&#xF1;o en disco duro</title><adlcp:prerequisites type="aicc_script"/><adlcp:masteryscore>-1</adlcp:masteryscore></item><item identifier="ITEM_47" identifierref="RESOURCE_47" isvisible="true"><title>Video 5: Soluci&#xF3;n de fallas con disco de arranque</title><adlcp:prerequisites type="aicc_script"/><adlcp:masteryscore>-1</adlcp:masteryscore></item><item identifier="ITEM_48" identifierref="RESOURCE_48" isvisible="true"><title>Video 6: Soluci&#xF3;n de fallas por virus</title><adlcp:prerequisites type="aicc_script"/><adlcp:masteryscore>-1</adlcp:masteryscore></item><item identifier="ITEM_49" identifierref="RESOURCE_49" isvisible="true"><title>Video 7: Principios de funcionamiento de redes locales</title><adlcp:prerequisites type="aicc_script"/><adlcp:masteryscore>-1</adlcp:masteryscore></item><item identifier="ITEM_51" identifierref="RESOURCE_51" isvisible="true"><title>Actividad 1: Utilizaci&#xF3;n del antivirus y recursos de la computadora</title><adlcp:prerequisites type="aicc_script"/><adlcp:masteryscore>-1</adlcp:masteryscore></item><item identifier="ITEM_74" identifierref="RESOURCE_74" isvisible="true"><title>Preguntas Leccion 1 - N3</title><adlcp:prerequisites type="aicc_script"/><adlcp:masteryscore>-1</adlcp:masteryscore></item></organization></organizations><resources><resource identifier="RESOURCE_43_1" type="webcontent" adlcp:scormtype="asset" xml:base=""><file href="/web/css/editor.css"/></resource><resource identifier="RESOURCE_43" type="webcontent" href="document//Video-1-Descripcion-de-los-sistemas-operativos.html" adlcp:scormtype="asset" xml:base=""><file href="document//Video-1-Descripcion-de-los-sistemas-operativos.html"/><dependency identifierref="RESOURCE_43_1"/></resource><resource identifier="RESOURCE_44_1" type="webcontent" adlcp:scormtype="asset" xml:base=""><file href="/web/css/editor.css"/></resource><resource identifier="RESOURCE_44" type="webcontent" href="document//Video-2-Explotacion-de-recursos-de-la-computadora-con-el-sistema-operativo.html" adlcp:scormtype="asset" xml:base=""><file href="document//Video-2-Explotacion-de-recursos-de-la-computadora-con-el-sistema-operativo.html"/><dependency identifierref="RESOURCE_44_1"/></resource><resource identifier="RESOURCE_45_1" type="webcontent" adlcp:scormtype="asset" xml:base=""><file href="/web/css/editor.css"/></resource><resource identifier="RESOURCE_45" type="webcontent" href="document//Video-3-Respaldo-de-informacion.html" adlcp:scormtype="asset" xml:base=""><file href="document//Video-3-Respaldo-de-informacion.html"/><dependency identifierref="RESOURCE_45_1"/></resource><resource identifier="RESOURCE_46_1" type="webcontent" adlcp:scormtype="asset" xml:base=""><file href="/web/css/editor.css"/></resource><resource identifier="RESOURCE_46" type="webcontent" href="document//Video-4-Recuperacion-de-informacion-por-dano-en-disco-duro.html" adlcp:scormtype="asset" xml:base=""><file href="document//Video-4-Recuperacion-de-informacion-por-dano-en-disco-duro.html"/><dependency identifierref="RESOURCE_46_1"/></resource><resource identifier="RESOURCE_47_1" type="webcontent" adlcp:scormtype="asset" xml:base=""><file href="/web/css/editor.css"/></resource><resource identifier="RESOURCE_47" type="webcontent" href="document//Video-5-Solucion-de-fallas-con-disco-de-arranque.html" adlcp:scormtype="asset" xml:base=""><file href="document//Video-5-Solucion-de-fallas-con-disco-de-arranque.html"/><dependency identifierref="RESOURCE_47_1"/></resource><resource identifier="RESOURCE_48_1" type="webcontent" adlcp:scormtype="asset" xml:base=""><file href="/web/css/editor.css"/></resource><resource identifier="RESOURCE_48" type="webcontent" href="document//Video-6-Solucion-de-fallas-por-virus.html" adlcp:scormtype="asset" xml:base=""><file href="document//Video-6-Solucion-de-fallas-por-virus.html"/><dependency identifierref="RESOURCE_48_1"/></resource><resource identifier="RESOURCE_49_1" type="webcontent" adlcp:scormtype="asset" xml:base=""><file href="/web/css/editor.css"/></resource><resource identifier="RESOURCE_49" type="webcontent" href="document//Video-7-Principios-de-funcionamiento-de-redes-locales.html" adlcp:scormtype="asset" xml:base=""><file href="document//Video-7-Principios-de-funcionamiento-de-redes-locales.html"/><dependency identifierref="RESOURCE_49_1"/></resource><resource identifier="RESOURCE_51" type="webcontent" href="document/tsb9sbpxb.pdf" adlcp:scormtype="asset" xml:base=""><file href="document/tsb9sbpxb.pdf"/></resource><resource identifier="RESOURCE_74_1" type="webcontent" adlcp:scormtype="asset" xml:base="."><file href="assets/jquery/jquery.min.js"/></resource><resource identifier="RESOURCE_74_2" type="webcontent" adlcp:scormtype="asset" xml:base="."><file href="assets/api_wrapper.js"/></resource><resource identifier="RESOURCE_74_3" type="webcontent" adlcp:scormtype="asset" xml:base="."><file href="assets/bootstrap/bootstrap.min.css"/></resource><resource identifier="RESOURCE_74" type="webcontent" href="quiz_74.html" adlcp:scormtype="sco" xml:base=""><file href="quiz_74.html"/><dependency identifierref="RESOURCE_74_1"/><dependency identifierref="RESOURCE_74_2"/><dependency identifierref="RESOURCE_74_3"/></resource><resource identifier="RESOURCE_75" type="webcontent" href="document/non_exportable.html" adlcp:scormtype="asset" xml:base=""><file href="document/non_exportable.html"/></resource></resources></manifest>
