<?xml version="1.0" encoding="UTF-8"?>
<manifest xmlns="http://www.imsproject.org/xsd/imscp_rootv1p1p2" identifier="SingleCourseManifest" version="1.1" xmlns:adlcp="http://www.adlnet.org/xsd/adlcp_rootv1p2" xmlns:xsi="http://www.w3.org/2001/XMLSchema-instance" xsi:schemaLocation="http://www.imsproject.org/xsd/imscp_rootv1p1p2 imscp_rootv1p1p2.xsd http://www.imsglobal.org/xsd/imsmd_rootv1p2p1 imsmd_rootv1p2p1.xsd http://www.adlnet.org/xsd/adlcp_rootv1p2 adlcp_rootv1p2.xsd"><metadata><schema>ADL SCORM</schema><schemaversion>1.2</schemaversion></metadata><organizations default="chamilo_scorm_export"><organization identifier="chamilo_scorm_export"><title>Lecci&#xF3;n 2 - N1</title><item identifier="ITEM_8" identifierref="RESOURCE_8" isvisible="true"><title>Video 1: Elaboraci&#xF3;n de presentaciones</title><adlcp:prerequisites type="aicc_script"/><adlcp:masteryscore>-1</adlcp:masteryscore></item><item identifier="ITEM_9" identifierref="RESOURCE_9" isvisible="true"><title>Video 2: Mejorando la presentaci&#xF3;n con elementos de mercadotecnia</title><adlcp:prerequisites type="aicc_script"/><adlcp:masteryscore>-1</adlcp:masteryscore></item><item identifier="ITEM_10" identifierref="RESOURCE_10" isvisible="true"><title>Video 3: Mejorando la presentaci&#xF3;n con elementos de dise&#xF1;o gr&#xE1;fico</title><adlcp:prerequisites type="aicc_script"/><adlcp:masteryscore>-1</adlcp:masteryscore></item><item identifier="ITEM_38" identifierref="RESOURCE_38" isvisible="true"><title>Actividad -1: Elaboraci&#xF3;n de presentaciones.</title><adlcp:prerequisites type="aicc_script"/><adlcp:masteryscore>-1</adlcp:masteryscore></item><item identifier="ITEM_63" identifierref="RESOURCE_63" isvisible="true"><title>Preguntas Leccion 2</title><adlcp:prerequisites type="aicc_script"/><adlcp:masteryscore>-1</adlcp:masteryscore></item></organization></organizations><resources><resource identifier="RESOURCE_8_1" type="webcontent" adlcp:scormtype="asset" xml:base=""><file href="//www.youtube.com/embed/kVlV4P4YGhg"/></resource><resource identifier="RESOURCE_8_2" type="webcontent" adlcp:scormtype="asset" xml:base=""><file href="/web/css/editor.css"/></resource><resource identifier="RESOURCE_8" type="webcontent" href="document/learning_path/Leccion-2/Video-1-Elaboracion-de-presentaciones.html" adlcp:scormtype="asset" xml:base=""><file href="document/learning_path/Leccion-2/Video-1-Elaboracion-de-presentaciones.html"/><dependency identifierref="RESOURCE_8_1"/><dependency identifierref="RESOURCE_8_2"/></resource><resource identifier="RESOURCE_9_1" type="webcontent" adlcp:scormtype="asset" xml:base=""><file href="//www.youtube.com/embed/uBMNC1Itrzc"/></resource><resource identifier="RESOURCE_9_2" type="webcontent" adlcp:scormtype="asset" xml:base=""><file href="/web/css/editor.css"/></resource><resource identifier="RESOURCE_9" type="webcontent" href="document/learning_path/Leccion-2/Video-2-Mejorando-la-presentacion-con-elementos-de-mercadotecnia.html" adlcp:scormtype="asset" xml:base=""><file href="document/learning_path/Leccion-2/Video-2-Mejorando-la-presentacion-con-elementos-de-mercadotecnia.html"/><dependency identifierref="RESOURCE_9_1"/><dependency identifierref="RESOURCE_9_2"/></resource><resource identifier="RESOURCE_10_1" type="webcontent" adlcp:scormtype="asset" xml:base=""><file href="//www.youtube.com/embed/geiOqOFQsJU"/></resource><resource identifier="RESOURCE_10_2" type="webcontent" adlcp:scormtype="asset" xml:base=""><file href="/web/css/editor.css"/></resource><resource identifier="RESOURCE_10" type="webcontent" href="document/learning_path/Leccion-2/Video-3-Mejorando-la-presentacion-con-elementos-de-diseno-grafico.html" adlcp:scormtype="asset" xml:base=""><file href="document/learning_path/Leccion-2/Video-3-Mejorando-la-presentacion-con-elementos-de-diseno-grafico.html"/><dependency identifierref="RESOURCE_10_1"/><dependency identifierref="RESOURCE_10_2"/></resource><resource identifier="RESOURCE_38" type="webcontent" href="document/bq4fh2psz.pdf" adlcp:scormtype="asset" xml:base=""><file href="document/bq4fh2psz.pdf"/></resource><resource identifier="RESOURCE_63_1" type="webcontent" adlcp:scormtype="asset" xml:base="."><file href="assets/jquery/jquery.min.js"/></resource><resource identifier="RESOURCE_63_2" type="webcontent" adlcp:scormtype="asset" xml:base="."><file href="assets/api_wrapper.js"/></resource><resource identifier="RESOURCE_63_3" type="webcontent" adlcp:scormtype="asset" xml:base="."><file href="assets/bootstrap/bootstrap.min.css"/></resource><resource identifier="RESOURCE_63" type="webcontent" href="quiz_63.html" adlcp:scormtype="sco" xml:base=""><file href="quiz_63.html"/><dependency identifierref="RESOURCE_63_1"/><dependency identifierref="RESOURCE_63_2"/><dependency identifierref="RESOURCE_63_3"/></resource><resource identifier="RESOURCE_64" type="webcontent" href="document/non_exportable.html" adlcp:scormtype="asset" xml:base=""><file href="document/non_exportable.html"/></resource></resources></manifest>
