<?xml version="1.0" encoding="UTF-8"?>
<manifest xmlns="http://www.imsproject.org/xsd/imscp_rootv1p1p2" identifier="SingleCourseManifest" version="1.1" xmlns:adlcp="http://www.adlnet.org/xsd/adlcp_rootv1p2" xmlns:xsi="http://www.w3.org/2001/XMLSchema-instance" xsi:schemaLocation="http://www.imsproject.org/xsd/imscp_rootv1p1p2 imscp_rootv1p1p2.xsd http://www.imsglobal.org/xsd/imsmd_rootv1p2p1 imsmd_rootv1p2p1.xsd http://www.adlnet.org/xsd/adlcp_rootv1p2 adlcp_rootv1p2.xsd"><metadata><schema>ADL SCORM</schema><schemaversion>1.2</schemaversion></metadata><organizations default="chamilo_scorm_export"><organization identifier="chamilo_scorm_export"><title>Lecci&#xF3;n 3 - N1</title><item identifier="ITEM_12" identifierref="RESOURCE_12" isvisible="true"><title>Video 1: Publicaci&#xF3;n en redes sociales</title><adlcp:prerequisites type="aicc_script"/><adlcp:masteryscore>-1</adlcp:masteryscore></item><item identifier="ITEM_13" identifierref="RESOURCE_13" isvisible="true"><title>Video 2: B&#xFA;squeda de informaci&#xF3;n en la red para la soluci&#xF3;n de problemas cotidianos</title><adlcp:prerequisites type="aicc_script"/><adlcp:masteryscore>-1</adlcp:masteryscore></item><item identifier="ITEM_39" identifierref="RESOURCE_39" isvisible="true"><title>Actividad 1: Manejo de internet </title><adlcp:prerequisites type="aicc_script"/><adlcp:masteryscore>-1</adlcp:masteryscore></item><item identifier="ITEM_61" identifierref="RESOURCE_61" isvisible="true"><title>Preguntas Leccion 3</title><adlcp:prerequisites type="aicc_script"/><adlcp:masteryscore>-1</adlcp:masteryscore></item></organization></organizations><resources><resource identifier="RESOURCE_12_1" type="webcontent" adlcp:scormtype="asset" xml:base=""><file href="//www.youtube.com/embed/6d01hAZDzRc"/></resource><resource identifier="RESOURCE_12_2" type="webcontent" adlcp:scormtype="asset" xml:base=""><file href="/web/css/editor.css"/></resource><resource identifier="RESOURCE_12" type="webcontent" href="document/learning_path/Leccion-3/Video-1-Publicacion-en-redes-sociales.html" adlcp:scormtype="asset" xml:base=""><file href="document/learning_path/Leccion-3/Video-1-Publicacion-en-redes-sociales.html"/><dependency identifierref="RESOURCE_12_1"/><dependency identifierref="RESOURCE_12_2"/></resource><resource identifier="RESOURCE_13_1" type="webcontent" adlcp:scormtype="asset" xml:base=""><file href="//www.youtube.com/embed/hQ6-qI5qC-Y"/></resource><resource identifier="RESOURCE_13_2" type="webcontent" adlcp:scormtype="asset" xml:base=""><file href="/web/css/editor.css"/></resource><resource identifier="RESOURCE_13" type="webcontent" href="document/learning_path/Leccion-3/Video-2-Busqueda-de-informacion-en-la-red-para-la-solucion-de-problemas-cotidianos.html" adlcp:scormtype="asset" xml:base=""><file href="document/learning_path/Leccion-3/Video-2-Busqueda-de-informacion-en-la-red-para-la-solucion-de-problemas-cotidianos.html"/><dependency identifierref="RESOURCE_13_1"/><dependency identifierref="RESOURCE_13_2"/></resource><resource identifier="RESOURCE_39" type="webcontent" href="document/32x2ot4ky.pdf" adlcp:scormtype="asset" xml:base=""><file href="document/32x2ot4ky.pdf"/></resource><resource identifier="RESOURCE_61_1" type="webcontent" adlcp:scormtype="asset" xml:base="."><file href="assets/jquery/jquery.min.js"/></resource><resource identifier="RESOURCE_61_2" type="webcontent" adlcp:scormtype="asset" xml:base="."><file href="assets/api_wrapper.js"/></resource><resource identifier="RESOURCE_61_3" type="webcontent" adlcp:scormtype="asset" xml:base="."><file href="assets/bootstrap/bootstrap.min.css"/></resource><resource identifier="RESOURCE_61" type="webcontent" href="quiz_61.html" adlcp:scormtype="sco" xml:base=""><file href="quiz_61.html"/><dependency identifierref="RESOURCE_61_1"/><dependency identifierref="RESOURCE_61_2"/><dependency identifierref="RESOURCE_61_3"/></resource><resource identifier="RESOURCE_65" type="webcontent" href="document/non_exportable.html" adlcp:scormtype="asset" xml:base=""><file href="document/non_exportable.html"/></resource></resources></manifest>
