<?xml version="1.0" encoding="UTF-8"?>
<manifest xmlns="http://www.imsproject.org/xsd/imscp_rootv1p1p2" identifier="SingleCourseManifest" version="1.1" xmlns:adlcp="http://www.adlnet.org/xsd/adlcp_rootv1p2" xmlns:xsi="http://www.w3.org/2001/XMLSchema-instance" xsi:schemaLocation="http://www.imsproject.org/xsd/imscp_rootv1p1p2 imscp_rootv1p1p2.xsd http://www.imsglobal.org/xsd/imsmd_rootv1p2p1 imsmd_rootv1p2p1.xsd http://www.adlnet.org/xsd/adlcp_rootv1p2 adlcp_rootv1p2.xsd"><metadata><schema>ADL SCORM</schema><schemaversion>1.2</schemaversion></metadata><organizations default="chamilo_scorm_export"><organization identifier="chamilo_scorm_export"><title>Lecci&#xF3;n 3 - N2</title><item identifier="ITEM_26" identifierref="RESOURCE_26" isvisible="true"><title>Video 1: Conceptos de im&#xE1;genes digitales</title><adlcp:prerequisites type="aicc_script"/><adlcp:masteryscore>-1</adlcp:masteryscore></item><item identifier="ITEM_27" identifierref="RESOURCE_27" isvisible="true"><title>Video 2: Edici&#xF3;n de im&#xE1;genes digitales</title><adlcp:prerequisites type="aicc_script"/><adlcp:masteryscore>-1</adlcp:masteryscore></item><item identifier="ITEM_28" identifierref="RESOURCE_28" isvisible="true"><title>Video 3: Dise&#xF1;o de gr&#xE1;ficos 3D</title><adlcp:prerequisites type="aicc_script"/><adlcp:masteryscore>-1</adlcp:masteryscore></item><item identifier="ITEM_29" identifierref="RESOURCE_29" isvisible="true"><title>Video 4: CAD 1: Usos y conceptos</title><adlcp:prerequisites type="aicc_script"/><adlcp:masteryscore>-1</adlcp:masteryscore></item><item identifier="ITEM_30" identifierref="RESOURCE_30" isvisible="true"><title>Video 5: Escalas</title><adlcp:prerequisites type="aicc_script"/><adlcp:masteryscore>-1</adlcp:masteryscore></item><item identifier="ITEM_31" identifierref="RESOURCE_31" isvisible="true"><title>Actividad 1: Edici&#xF3;n de im&#xE1;genes digitales e im&#xE1;genes 3D</title><adlcp:prerequisites type="aicc_script"/><adlcp:masteryscore>-1</adlcp:masteryscore></item><item identifier="ITEM_70" identifierref="RESOURCE_70" isvisible="true"><title>Preguntas Leccion 3 - N2</title><adlcp:prerequisites type="aicc_script"/><adlcp:masteryscore>-1</adlcp:masteryscore></item></organization></organizations><resources><resource identifier="RESOURCE_26_1" type="webcontent" adlcp:scormtype="asset" xml:base=""><file href="/web/css/editor.css"/></resource><resource identifier="RESOURCE_26" type="webcontent" href="document/learning_path/Leccion-3-1/Video-1-Conceptos-de-imagenes-digitales.html" adlcp:scormtype="asset" xml:base=""><file href="document/learning_path/Leccion-3-1/Video-1-Conceptos-de-imagenes-digitales.html"/><dependency identifierref="RESOURCE_26_1"/></resource><resource identifier="RESOURCE_27_1" type="webcontent" adlcp:scormtype="asset" xml:base=""><file href="/web/css/editor.css"/></resource><resource identifier="RESOURCE_27" type="webcontent" href="document/learning_path/Leccion-3-1/Video-2-Edicion-de-imagenes-digitales.html" adlcp:scormtype="asset" xml:base=""><file href="document/learning_path/Leccion-3-1/Video-2-Edicion-de-imagenes-digitales.html"/><dependency identifierref="RESOURCE_27_1"/></resource><resource identifier="RESOURCE_28_1" type="webcontent" adlcp:scormtype="asset" xml:base=""><file href="/web/css/editor.css"/></resource><resource identifier="RESOURCE_28" type="webcontent" href="document/learning_path/Leccion-3-1/Video-3-Diseno-de-graficos-3D.html" adlcp:scormtype="asset" xml:base=""><file href="document/learning_path/Leccion-3-1/Video-3-Diseno-de-graficos-3D.html"/><dependency identifierref="RESOURCE_28_1"/></resource><resource identifier="RESOURCE_29_1" type="webcontent" adlcp:scormtype="asset" xml:base=""><file href="/web/css/editor.css"/></resource><resource identifier="RESOURCE_29" type="webcontent" href="document/learning_path/Leccion-3-1/Video-4-CAD-1-Usos-y-conceptos.html" adlcp:scormtype="asset" xml:base=""><file href="document/learning_path/Leccion-3-1/Video-4-CAD-1-Usos-y-conceptos.html"/><dependency identifierref="RESOURCE_29_1"/></resource><resource identifier="RESOURCE_30_1" type="webcontent" adlcp:scormtype="asset" xml:base=""><file href="/web/css/editor.css"/></resource><resource identifier="RESOURCE_30" type="webcontent" href="document/learning_path/Leccion-3-1/Video-5-Escalas.html" adlcp:scormtype="asset" xml:base=""><file href="document/learning_path/Leccion-3-1/Video-5-Escalas.html"/><dependency identifierref="RESOURCE_30_1"/></resource><resource identifier="RESOURCE_31_1" type="webcontent" adlcp:scormtype="asset" xml:base=""><file href="/web/css/editor.css"/></resource><resource identifier="RESOURCE_31" type="webcontent" href="document/learning_path/Leccion-3-1/Actividad-1-Edicion-de-imagenes-digitales-e-imagenes-3D.html" adlcp:scormtype="asset" xml:base=""><file href="document/learning_path/Leccion-3-1/Actividad-1-Edicion-de-imagenes-digitales-e-imagenes-3D.html"/><dependency identifierref="RESOURCE_31_1"/></resource><resource identifier="RESOURCE_70_1" type="webcontent" adlcp:scormtype="asset" xml:base="."><file href="assets/jquery/jquery.min.js"/></resource><resource identifier="RESOURCE_70_2" type="webcontent" adlcp:scormtype="asset" xml:base="."><file href="assets/api_wrapper.js"/></resource><resource identifier="RESOURCE_70_3" type="webcontent" adlcp:scormtype="asset" xml:base="."><file href="assets/bootstrap/bootstrap.min.css"/></resource><resource identifier="RESOURCE_70" type="webcontent" href="quiz_70.html" adlcp:scormtype="sco" xml:base=""><file href="quiz_70.html"/><dependency identifierref="RESOURCE_70_1"/><dependency identifierref="RESOURCE_70_2"/><dependency identifierref="RESOURCE_70_3"/></resource><resource identifier="RESOURCE_71" type="webcontent" href="document/non_exportable.html" adlcp:scormtype="asset" xml:base=""><file href="document/non_exportable.html"/></resource></resources></manifest>
