<?xml version="1.0" encoding="UTF-8"?>
<manifest xmlns="http://www.imsproject.org/xsd/imscp_rootv1p1p2" identifier="SingleCourseManifest" version="1.1" xmlns:adlcp="http://www.adlnet.org/xsd/adlcp_rootv1p2" xmlns:xsi="http://www.w3.org/2001/XMLSchema-instance" xsi:schemaLocation="http://www.imsproject.org/xsd/imscp_rootv1p1p2 imscp_rootv1p1p2.xsd http://www.imsglobal.org/xsd/imsmd_rootv1p2p1 imsmd_rootv1p2p1.xsd http://www.adlnet.org/xsd/adlcp_rootv1p2 adlcp_rootv1p2.xsd"><metadata><schema>ADL SCORM</schema><schemaversion>1.2</schemaversion></metadata><organizations default="chamilo_scorm_export"><organization identifier="chamilo_scorm_export"><title>Lecci&#xF3;n 2  - N2</title><item identifier="ITEM_22" identifierref="RESOURCE_22" isvisible="true"><title>Video 1: Conceptos de audio digital</title><adlcp:prerequisites type="aicc_script"/><adlcp:masteryscore>-1</adlcp:masteryscore></item><item identifier="ITEM_23" identifierref="RESOURCE_23" isvisible="true"><title>Video 2: Eliminaci&#xF3;n de ruido</title><adlcp:prerequisites type="aicc_script"/><adlcp:masteryscore>-1</adlcp:masteryscore></item><item identifier="ITEM_24" identifierref="RESOURCE_24" isvisible="true"><title>Video 3: Edici&#xF3;n de video</title><adlcp:prerequisites type="aicc_script"/><adlcp:masteryscore>-1</adlcp:masteryscore></item><item identifier="ITEM_25" identifierref="RESOURCE_25" isvisible="true"><title>Actividad 1: Edici&#xF3;n de audio y video</title><adlcp:prerequisites type="aicc_script"/><adlcp:masteryscore>-1</adlcp:masteryscore></item><item identifier="ITEM_68" identifierref="RESOURCE_68" isvisible="true"><title>Preguntas Leccion 2 - N2</title><adlcp:prerequisites type="aicc_script"/><adlcp:masteryscore>-1</adlcp:masteryscore></item></organization></organizations><resources><resource identifier="RESOURCE_22_1" type="webcontent" adlcp:scormtype="asset" xml:base=""><file href="/web/css/editor.css"/></resource><resource identifier="RESOURCE_22" type="webcontent" href="document/learning_path/Leccion-2-1/Video-1-Conceptos-de-audio-digital.html" adlcp:scormtype="asset" xml:base=""><file href="document/learning_path/Leccion-2-1/Video-1-Conceptos-de-audio-digital.html"/><dependency identifierref="RESOURCE_22_1"/></resource><resource identifier="RESOURCE_23_1" type="webcontent" adlcp:scormtype="asset" xml:base=""><file href="/web/css/editor.css"/></resource><resource identifier="RESOURCE_23" type="webcontent" href="document/learning_path/Leccion-2-1/Video-2-Eliminacion-de-ruido.html" adlcp:scormtype="asset" xml:base=""><file href="document/learning_path/Leccion-2-1/Video-2-Eliminacion-de-ruido.html"/><dependency identifierref="RESOURCE_23_1"/></resource><resource identifier="RESOURCE_24_1" type="webcontent" adlcp:scormtype="asset" xml:base=""><file href="/web/css/editor.css"/></resource><resource identifier="RESOURCE_24" type="webcontent" href="document/learning_path/Leccion-2-1/Video-3-Edicion-de-video.html" adlcp:scormtype="asset" xml:base=""><file href="document/learning_path/Leccion-2-1/Video-3-Edicion-de-video.html"/><dependency identifierref="RESOURCE_24_1"/></resource><resource identifier="RESOURCE_25_1" type="webcontent" adlcp:scormtype="asset" xml:base=""><file href="/web/css/editor.css"/></resource><resource identifier="RESOURCE_25" type="webcontent" href="document/learning_path/Leccion-2-1/Actividad-1-Edicion-de-audio-y-video.html" adlcp:scormtype="asset" xml:base=""><file href="document/learning_path/Leccion-2-1/Actividad-1-Edicion-de-audio-y-video.html"/><dependency identifierref="RESOURCE_25_1"/></resource><resource identifier="RESOURCE_68_1" type="webcontent" adlcp:scormtype="asset" xml:base="."><file href="assets/jquery/jquery.min.js"/></resource><resource identifier="RESOURCE_68_2" type="webcontent" adlcp:scormtype="asset" xml:base="."><file href="assets/api_wrapper.js"/></resource><resource identifier="RESOURCE_68_3" type="webcontent" adlcp:scormtype="asset" xml:base="."><file href="assets/bootstrap/bootstrap.min.css"/></resource><resource identifier="RESOURCE_68" type="webcontent" href="quiz_68.html" adlcp:scormtype="sco" xml:base=""><file href="quiz_68.html"/><dependency identifierref="RESOURCE_68_1"/><dependency identifierref="RESOURCE_68_2"/><dependency identifierref="RESOURCE_68_3"/></resource><resource identifier="RESOURCE_69" type="webcontent" href="document/non_exportable.html" adlcp:scormtype="asset" xml:base=""><file href="document/non_exportable.html"/></resource></resources></manifest>
