<?xml version="1.0" encoding="UTF-8"?>
<manifest xmlns="http://www.imsproject.org/xsd/imscp_rootv1p1p2" identifier="SingleCourseManifest" version="1.1" xmlns:adlcp="http://www.adlnet.org/xsd/adlcp_rootv1p2" xmlns:xsi="http://www.w3.org/2001/XMLSchema-instance" xsi:schemaLocation="http://www.imsproject.org/xsd/imscp_rootv1p1p2 imscp_rootv1p1p2.xsd http://www.imsglobal.org/xsd/imsmd_rootv1p2p1 imsmd_rootv1p2p1.xsd http://www.adlnet.org/xsd/adlcp_rootv1p2 adlcp_rootv1p2.xsd"><metadata><schema>ADL SCORM</schema><schemaversion>1.2</schemaversion></metadata><organizations default="chamilo_scorm_export"><organization identifier="chamilo_scorm_export"><title>Lecci&#xF3;n 1 - N2</title><item identifier="ITEM_20" identifierref="RESOURCE_20" isvisible="true"><title>Video 4: Elaboraci&#xF3;n y uso de macros y plantillas de hojas de c&#xE1;lculo</title><adlcp:prerequisites type="aicc_script"/><adlcp:masteryscore>-1</adlcp:masteryscore></item><item identifier="ITEM_19" identifierref="RESOURCE_19" isvisible="true"><title>Video 3: Consolidaci&#xF3;n de informaci&#xF3;n en hojas de c&#xE1;lculo</title><adlcp:prerequisites type="aicc_script"/><adlcp:masteryscore>-1</adlcp:masteryscore></item><item identifier="ITEM_18" identifierref="RESOURCE_18" isvisible="true"><title>Video 2: Representaci&#xF3;n gr&#xE1;fica de datos</title><adlcp:prerequisites type="aicc_script"/><adlcp:masteryscore>-1</adlcp:masteryscore></item><item identifier="ITEM_17" identifierref="RESOURCE_17" isvisible="true"><title>Video 1: Elaboraci&#xF3;n de reportes en hojas de c&#xE1;lculo</title><adlcp:prerequisites type="aicc_script"/><adlcp:masteryscore>-1</adlcp:masteryscore></item><item identifier="ITEM_40" identifierref="RESOURCE_40" isvisible="true"><title>Actividad 1: Hoja de c&#xE1;lculo </title><adlcp:prerequisites type="aicc_script"/><adlcp:masteryscore>-1</adlcp:masteryscore></item><item identifier="ITEM_66" identifierref="RESOURCE_66" isvisible="true"><title>Preguntas Leccion 1 - N2</title><adlcp:prerequisites type="aicc_script"/><adlcp:masteryscore>-1</adlcp:masteryscore></item></organization></organizations><resources><resource identifier="RESOURCE_20_1" type="webcontent" adlcp:scormtype="asset" xml:base=""><file href="//www.youtube.com/embed/y64J0XKHnLA"/></resource><resource identifier="RESOURCE_20_2" type="webcontent" adlcp:scormtype="asset" xml:base=""><file href="/web/css/editor.css"/></resource><resource identifier="RESOURCE_20" type="webcontent" href="document/learning_path/Leccion-1/Video-4-Elaboracion-y-uso-de-macros-y-plantillas-de-hojas-de-calculo.html" adlcp:scormtype="asset" xml:base=""><file href="document/learning_path/Leccion-1/Video-4-Elaboracion-y-uso-de-macros-y-plantillas-de-hojas-de-calculo.html"/><dependency identifierref="RESOURCE_20_1"/><dependency identifierref="RESOURCE_20_2"/></resource><resource identifier="RESOURCE_19_1" type="webcontent" adlcp:scormtype="asset" xml:base=""><file href="//www.youtube.com/embed/yT3M7I8FcGw"/></resource><resource identifier="RESOURCE_19_2" type="webcontent" adlcp:scormtype="asset" xml:base=""><file href="/web/css/editor.css"/></resource><resource identifier="RESOURCE_19" type="webcontent" href="document/learning_path/Leccion-1/Video-3-Consolidacion-de-informacion-en-hojas-de-calculo.html" adlcp:scormtype="asset" xml:base=""><file href="document/learning_path/Leccion-1/Video-3-Consolidacion-de-informacion-en-hojas-de-calculo.html"/><dependency identifierref="RESOURCE_19_1"/><dependency identifierref="RESOURCE_19_2"/></resource><resource identifier="RESOURCE_18_1" type="webcontent" adlcp:scormtype="asset" xml:base=""><file href="//www.youtube.com/embed/VfSUdCRqMkc"/></resource><resource identifier="RESOURCE_18_2" type="webcontent" adlcp:scormtype="asset" xml:base=""><file href="/web/css/editor.css"/></resource><resource identifier="RESOURCE_18" type="webcontent" href="document/learning_path/Leccion-1/Video-2-Representacion-grafica-de-datos.html" adlcp:scormtype="asset" xml:base=""><file href="document/learning_path/Leccion-1/Video-2-Representacion-grafica-de-datos.html"/><dependency identifierref="RESOURCE_18_1"/><dependency identifierref="RESOURCE_18_2"/></resource><resource identifier="RESOURCE_17" type="webcontent" href="document/mi3dPDPReBQ.mp4" adlcp:scormtype="asset" xml:base=""><file href="document/mi3dPDPReBQ.mp4"/></resource><resource identifier="RESOURCE_40" type="webcontent" href="document/68j0i5xe5.pdf" adlcp:scormtype="asset" xml:base=""><file href="document/68j0i5xe5.pdf"/></resource><resource identifier="RESOURCE_66_1" type="webcontent" adlcp:scormtype="asset" xml:base="."><file href="assets/jquery/jquery.min.js"/></resource><resource identifier="RESOURCE_66_2" type="webcontent" adlcp:scormtype="asset" xml:base="."><file href="assets/api_wrapper.js"/></resource><resource identifier="RESOURCE_66_3" type="webcontent" adlcp:scormtype="asset" xml:base="."><file href="assets/bootstrap/bootstrap.min.css"/></resource><resource identifier="RESOURCE_66" type="webcontent" href="quiz_66.html" adlcp:scormtype="sco" xml:base=""><file href="quiz_66.html"/><dependency identifierref="RESOURCE_66_1"/><dependency identifierref="RESOURCE_66_2"/><dependency identifierref="RESOURCE_66_3"/></resource><resource identifier="RESOURCE_67" type="webcontent" href="document/non_exportable.html" adlcp:scormtype="asset" xml:base=""><file href="document/non_exportable.html"/></resource></resources></manifest>
